row_id,target
0-4,0.001149578019976616
0-32,0.00235342956148088
0-34,0.00235342956148088
