row_id,target
0-4,0.0005368317943066359
0-32,0.001509084366261959
0-34,0.001509084366261959
